song,status,info
上海人&nbsp;&nbsp;,dry,images=1
中秋情 &nbsp;&nbsp;,dry,images=1
八角树&nbsp;&nbsp;,dry,images=1
太湖水&nbsp;&nbsp;,dry,images=1
学厨艺&nbsp;&nbsp;,dry,images=1
学工歌&nbsp;&nbsp;,dry,images=1
学电脑&nbsp;&nbsp;,dry,images=1
宜昌队&nbsp;&nbsp;,dry,images=1
寄明月&nbsp;&nbsp;,dry,images=1
小上海&nbsp;&nbsp;,dry,images=1
小重山&nbsp;&nbsp;,dry,images=1
少年游 &nbsp;&nbsp;,dry,images=1
当兵乐&nbsp;&nbsp;,dry,images=1
忘情酒&nbsp;&nbsp;,dry,images=1
意难平&nbsp;&nbsp;,dry,images=1
我的梦&nbsp;&nbsp;,dry,images=1
推车歌&nbsp;&nbsp;,dry,images=1
木叶情&nbsp;&nbsp;,dry,images=1
歌友情&nbsp;&nbsp;,dry,images=1
步步高&nbsp;&nbsp;,dry,images=1
男儿泉&nbsp;&nbsp;,dry,images=1
胭脂妆&nbsp;&nbsp;,dry,images=2
舀河浜&nbsp;&nbsp;,dry,images=1
苍穹唤&nbsp;&nbsp;,dry,images=1
苕乡情&nbsp;&nbsp;,dry,images=1
苕乡情&nbsp;&nbsp;,dry,images=1
苹果香&nbsp;&nbsp;,dry,images=1
菜园子&nbsp;&nbsp;,dry,images=1
陆北大&nbsp;&nbsp;,dry,images=1
青原赋 &nbsp;&nbsp;,dry,images=1
